object_id,Time (MJD),Flux,Flux_err,Filter,Flux_dered,A_lambda,Flux_err_dered,Magnitude,Magnitude_err,SNR,Abs_Magnitude,Abs_Magnitude_k,Time_rest
gwarth_heleg_thul,63506.0932,2.19642481,0.11514918,r,2.30384100970382,0.05184041002161873,0.12078055297407016,22.99393436052453,0.05692051606092117,19.074602268118625,-17.481289909600083,-17.24738551568686,51198.075782005806
gwarth_heleg_thul,63506.0932,1.9706331,0.22745945,i,2.0411076872367713,0.038150362890362596,0.23559394791940116,23.125400826392397,0.12532061903322922,8.663667743855003,-17.349823443732216,-17.115919049818995,51198.075782005806
gwarth_heleg_thul,63508.38,4.54548735,0.26188264,i,4.708044928466137,0.038150362890362596,0.27124819412495405,22.21796412571747,0.06255335055450972,17.356963218333224,-18.257260144407145,-18.023355750493923,51199.91938084489
gwarth_heleg_thul,63517.5272,11.3877704,0.34189793,z,11.704419578344236,0.029777948989351308,0.3514047688990434,21.229190917476647,0.03259733449954879,33.307514906568755,-19.246033352647967,-19.012128958734746,51207.29377620122
gwarth_heleg_thul,63517.5272,16.78423036,0.1302293,r,17.605063484820096,0.05184041002161873,0.1365981665473091,20.785971633535635,0.00842425675158023,128.88213604772506,-19.68925263658898,-19.455348242675758,51207.29377620122
gwarth_heleg_thul,63528.9611,16.7215281,0.22674536,i,17.31953022978031,0.038150362890362596,0.23485432034064035,20.80372535189257,0.014722676369088288,73.74584467792417,-19.671498918232043,-19.437594524318822,51216.51168977749
gwarth_heleg_thul,63528.9611,17.14007549,0.19066155,r,17.978311228091304,0.05184041002161873,0.19998585695437282,20.76319338637635,0.012077435003776773,89.89791329190389,-19.712030883748263,-19.47812648983504,51216.51168977749
gwarth_heleg_thul,63544.9686,10.2677384,0.24050587,r,10.76988235387429,0.05184041002161873,0.2522678144308959,21.31953822414458,0.02543168907729983,42.69225694990314,-19.155686045980033,-18.921781652066812,51229.416801031926
gwarth_heleg_thul,63544.9686,12.03679154,0.28702935,i,12.467256204090216,0.038150362890362596,0.2972942110571338,21.1606384113082,0.02589046724682189,41.93575165745245,-19.314585858816415,-19.080681464903194,51229.416801031926
